account_ID,account,sector,year_established,revenue_in_mill,employees,office_location,subsidiary_of,business_type
AC001,Acme Corporation,technolgy,1996,1100.04,2822,United States,,Large Enterprise & Corporation
BE002,Betasoloin,medical,1999,251.41,495,United States,,Mid-Market / Mid-Size Enterprise
BE003,Betatech,medical,1986,647.18,1185,Kenya,,Mid-Market / Mid-Size Enterprise
BI004,Bioholding,medical,2012,587.34,1356,Philipines,,Mid-Market / Mid-Size Enterprise
BI005,Bioplex,medical,1991,326.82,1016,United States,,Mid-Market / Mid-Size Enterprise
BL006,Blackzim,retail,2009,497.11,1588,United States,,Mid-Market / Mid-Size Enterprise
BL007,Bluth Company,technolgy,1993,1242.32,3027,United States,Acme Corporation,Large Enterprise & Corporation
BU008,Bubba Gump,software,2002,987.39,2253,United States,,Large Enterprise & Corporation
CA009,Cancity,retail,2001,718.62,2448,United States,,Large Enterprise & Corporation
CH010,Cheers,entertainment,1993,4269.9,6472,United States,Massive Dynamic,Large Enterprise & Corporation
CO011,Codehow,software,1998,2714.9,2641,United States,Acme Corporation,Large Enterprise & Corporation
CO012,Condax,medical,2017,4.54,9,United States,,Small Business
CO013,Conecom,technolgy,2005,1520.66,1806,United States,,Mid-Market / Mid-Size Enterprise
DA014,Dalttechnology,software,2013,98.79,96,United States,Bubba Gump,Medium Business
DA015,dambase,marketing,1995,2173.98,2928,United States,Inity,Large Enterprise & Corporation
DO016,Domzoom,entertainment,1998,217.87,551,United States,,Mid-Market / Mid-Size Enterprise
DO017,Doncon,technolgy,2010,587.72,1501,United States,,Mid-Market / Mid-Size Enterprise
DO018,Donquadtech,technolgy,1992,1712.68,3194,United States,Acme Corporation,Large Enterprise & Corporation
DO019,Dontechi,software,1982,4618.0,10083,United States,,Large Enterprise & Corporation
DO020,Donware,marketing,1999,1197.44,2570,United States,,Large Enterprise & Corporation
FA021,Fasehatice,retail,1990,4968.91,7523,United States,,Large Enterprise & Corporation
FA022,Faxquote,telecommunications,1995,1825.82,5595,United States,Sonron,Large Enterprise & Corporation
FI023,Finhigh,finance,2006,1102.43,1759,United States,,Mid-Market / Mid-Size Enterprise
FI024,Finjob,employment,1988,2059.9,3644,United States,,Large Enterprise & Corporation
FU025,Funholding,finance,1991,2819.5,7227,United States,Golddex,Large Enterprise & Corporation
GA026,Ganjaflex,retail,1995,5158.71,17479,Japan,,Large Enterprise & Corporation
GE027,Gekko & Co,retail,1990,2520.83,3502,United States,,Large Enterprise & Corporation
GE028,Genco Pura Olive Oil Company,retail,2007,894.33,1635,Italy,,Mid-Market / Mid-Size Enterprise
GL029,Globex Corporation,technolgy,2000,1223.72,2497,Norway,,Large Enterprise & Corporation
GO030,Gogozoom,telecommunications,2007,86.68,187,United States,Sonron,Medium Business
GO031,Golddex,finance,2008,52.5,165,United States,,Medium Business
GO032,Goodsilron,marketing,2000,2952.73,5107,United States,,Large Enterprise & Corporation
GR033,Green-Plus,services,2003,692.19,1922,United States,,Mid-Market / Mid-Size Enterprise
GR034,Groovestreet,retail,2003,223.8,299,United States,,Mid-Market / Mid-Size Enterprise
HA035,Hatfan,services,1982,792.46,1299,United States,,Mid-Market / Mid-Size Enterprise
HO036,Hottechi,technolgy,1997,8170.38,16499,Korea,,Large Enterprise & Corporation
IN037,Initech,telecommunications,1994,6395.05,20275,United States,,Large Enterprise & Corporation
IN038,Inity,marketing,1986,2403.58,8801,United States,,Large Enterprise & Corporation
IS039,Isdom,medical,2002,3178.24,4540,United States,,Large Enterprise & Corporation
IS040,Iselectrics,technolgy,2011,527.11,1428,United States,Acme Corporation,Mid-Market / Mid-Size Enterprise
J-041,J-Texon,retail,1989,1388.67,3583,United States,,Large Enterprise & Corporation
KA042,Kan-code,software,1982,11698.03,34288,United States,,Large Enterprise & Corporation
KI043,Kinnamplus,retail,2004,702.72,1831,United States,,Mid-Market / Mid-Size Enterprise
KO044,Konex,technolgy,1980,7708.38,13756,United States,,Large Enterprise & Corporation
KO045,Konmatfix,marketing,1985,375.43,1190,United States,,Mid-Market / Mid-Size Enterprise
LA046,Labdrill,medical,1985,2741.37,9226,United States,,Large Enterprise & Corporation
LE047,Lexiqvolax,medical,2004,1618.89,3889,United States,,Large Enterprise & Corporation
MA048,Massive Dynamic,entertainment,1989,665.06,1095,United States,,Mid-Market / Mid-Size Enterprise
MA049,Mathtouch,marketing,1984,3027.46,9516,Jordan,,Large Enterprise & Corporation
NA050,Nam-zim,services,1987,405.59,1179,Brazil,Warephase,Mid-Market / Mid-Size Enterprise
NE051,Newex,services,1991,1012.72,3492,Germany,,Large Enterprise & Corporation
ON052,Ontomedia,employment,1997,882.12,2769,United States,,Large Enterprise & Corporation
OP053,Opentech,finance,1994,355.23,853,United States,,Mid-Market / Mid-Size Enterprise
PL054,Plexzap,retail,2001,2437.85,4874,United States,,Large Enterprise & Corporation
PL055,Plusstrip,entertainment,2002,349.81,315,United States,,Mid-Market / Mid-Size Enterprise
PL056,Plussunin,retail,2003,1419.98,4018,United States,,Large Enterprise & Corporation
RA057,Rangreen,technolgy,1987,2938.67,8775,Panama,,Large Enterprise & Corporation
RA058,Rantouch,telecommunications,1994,1188.42,3015,United States,,Large Enterprise & Corporation
RO059,Ron-tech,medical,1992,3922.42,6837,United States,,Large Enterprise & Corporation
RU060,Rundofase,technolgy,1983,1008.06,1238,United States,,Mid-Market / Mid-Size Enterprise
SC061,Scotfind,software,1996,6354.87,16780,United States,Bubba Gump,Large Enterprise & Corporation
SC062,Scottech,marketing,2012,45.39,100,United States,Inity,Medium Business
SI063,Silis,medical,1994,2818.38,6290,United States,,Large Enterprise & Corporation
SI064,Singletechno,retail,1996,2214.94,5374,United States,,Large Enterprise & Corporation
SO065,Sonron,telecommunications,1999,1699.85,5108,United States,,Large Enterprise & Corporation
ST066,Stanredtax,finance,1987,1698.2,3798,United States,,Large Enterprise & Corporation
ST067,Statholdings,employment,1997,291.27,586,United States,,Mid-Market / Mid-Size Enterprise
ST068,Streethex,retail,1988,1376.8,1165,Belgium,,Mid-Market / Mid-Size Enterprise
SU069,Sumace,retail,2000,167.89,493,Romania,,Mid-Market / Mid-Size Enterprise
SU070,Sunnamplex,marketing,2008,894.37,1593,Poland,,Mid-Market / Mid-Size Enterprise
TH071,The New York Inquirer,medical,1996,439.21,792,United States,,Mid-Market / Mid-Size Enterprise
TO072,Toughzap,retail,1995,332.43,799,United States,,Mid-Market / Mid-Size Enterprise
TR073,Treequote,telecommunications,1988,5266.09,8595,United States,Sonron,Large Enterprise & Corporation
UM074,Umbrella Corporation,finance,1998,2022.14,5113,United States,,Large Enterprise & Corporation
VE075,Vehement Capital Partners,finance,1993,646.1,883,United States,Golddex,Mid-Market / Mid-Size Enterprise
WA076,Warephase,services,1997,2041.73,5276,United States,,Large Enterprise & Corporation
XX077,Xx-holding,finance,1993,7537.24,20293,United States,,Large Enterprise & Corporation
XX078,Xx-zobam,entertainment,1989,3838.39,8274,United States,,Large Enterprise & Corporation
Y-079,Y-corporation,employment,1983,2871.35,9561,United States,,Large Enterprise & Corporation
YE080,Yearin,retail,2005,2261.05,3851,United States,,Large Enterprise & Corporation
ZA081,Zathunicon,retail,2010,71.12,144,United States,,Medium Business
ZE082,Zencorporation,technolgy,2011,40.79,142,China,,Medium Business
ZO083,Zoomit,entertainment,1992,324.19,978,United States,,Mid-Market / Mid-Size Enterprise
ZO084,Zotware,software,1979,4478.47,13809,United States,,Large Enterprise & Corporation
ZU085,Zumgoity,medical,1984,441.08,1210,United States,,Mid-Market / Mid-Size Enterprise
